Online cascading performance budgets and performance reports	http://www.thenationaldialogue.org/ideas/online-cascading-performance-budgets-and-performance-reports	Strategisys	41	4	12	http://www.thenationaldialogue.org/ideas/mostcomments_view/allideas_topic_view?b_start:int=0&-C=	2009-04-30
Tracking through Google Earth and web cam	http://www.thenationaldialogue.org/ideas/tracking-through-google-earth-and-web-cam	loriscotts	26	3	25	http://www.thenationaldialogue.org/ideas/mostcomments_view/allideas_topic_view?b_start:int=0&-C=	2009-04-30
Add Mapping and Geographic Analysis to Recovery.gov	http://www.thenationaldialogue.org/ideas/add-mapping-and-geographic-analysis-to-recovery.gov	ESRI	25	3	40	http://www.thenationaldialogue.org/ideas/mostcomments_view/allideas_topic_view?b_start:int=0&-C=	2009-04-30
Count ACTUAL jobs created or retained with CertiClear Job Counter	http://www.thenationaldialogue.org/ideas/count-actual-jobs-created-or-retained-with-certiclear-job-counter	CertiClear	21	3	39	http://www.thenationaldialogue.org/ideas/mostcomments_view/allideas_topic_view?b_start:int=0&-C=	2009-04-30
Provide Enterprise Resource Planning Solutions to Local Agencies	http://www.thenationaldialogue.org/ideas/provide-enterprise-resource-planning-solutions-to-local-agencies	RebuildingMgmt	20	4	26	http://www.thenationaldialogue.org/ideas/mostcomments_view/allideas_topic_view?b_start:int=0&-C=	2009-04-30
Add National Online Mapping to Recovery.gov	http://www.thenationaldialogue.org/ideas/add-national-online-mapping-to-recovery.gov	PolicyMap	19	4	40	http://www.thenationaldialogue.org/ideas/mostcomments_view/allideas_topic_view?b_start:int=5&-C=	2009-04-30
Open Data Will Enable Democratized Analysis and Accountability	http://www.thenationaldialogue.org/ideas/open-data-will-enable-democratized-analysis-and-accountability	jzuck	15	4	42	http://www.thenationaldialogue.org/ideas/mostcomments_view/allideas_topic_view?b_start:int=5&-C=	2009-04-30
ONLINE BUSINESS PLAN AND DUE DILIGENCE REPORTING SYSTEM AND DATA STORAGE	http://www.thenationaldialogue.org/ideas/online-business-plan-and-due-diligence-reporting-system-and-data-storage	fundingroadmap	14	4	12	http://www.thenationaldialogue.org/ideas/mostcomments_view/allideas_topic_view?b_start:int=5&-C=	2009-04-30
Build on open source!	http://www.thenationaldialogue.org/ideas/build-on-open-source	JimT	14	3	10	http://www.thenationaldialogue.org/ideas/mostcomments_view/allideas_topic_view?b_start:int=5&-C=	2009-04-30
Enhanced Analysis and Visualization	http://www.thenationaldialogue.org/ideas/enhanced-analysis-and-visualization	MicroStrategy	12	3	20	http://www.thenationaldialogue.org/ideas/mostcomments_view/allideas_topic_view?b_start:int=5&-C=	2009-04-30
Data Format	http://www.thenationaldialogue.org/ideas/data-format	crmdata	10	3	10	http://www.thenationaldialogue.org/ideas/mostcomments_view/allideas_topic_view?b_start:int=10&-C=	2009-04-30
Linked Open Data	http://www.thenationaldialogue.org/ideas/linked-open-data	timbl	8	4	11	http://www.thenationaldialogue.org/ideas/mostcomments_view/allideas_topic_view?b_start:int=10&-C=	2009-04-30
Citability.org - Making Govt documentation web citable to a paragraph level	http://www.thenationaldialogue.org/ideas/citability-org-making-govt-documentation-web-citable-to-a-paragraph-level	Silona	8	4	14	http://www.thenationaldialogue.org/ideas/mostcomments_view/allideas_topic_view?b_start:int=10&-C=	2009-04-30
8th Grade Basal Reading Level of Data Aggregation in Visual form	http://www.thenationaldialogue.org/ideas/8th-grade-basal-reading-level-of-data-aggregation-in-visual-form	RealityCheck	8	4	9	http://www.thenationaldialogue.org/ideas/mostcomments_view/allideas_topic_view?b_start:int=10&-C=	2009-04-30
Use SaaS for Project Performance Status	http://www.thenationaldialogue.org/ideas/use-saas-for-project-performance-status	ctsmith	8	4	8	http://www.thenationaldialogue.org/ideas/mostcomments_view/allideas_topic_view?b_start:int=10&-C=	2009-04-30
Data quality and data standards are key to gaining public trust	http://www.thenationaldialogue.org/ideas/data-quality-and-data-standards-are-key-to-gaining-public-trust	mukeshdalal	8	4	5	http://www.thenationaldialogue.org/ideas/mostcomments_view/allideas_topic_view?b_start:int=15&-C=	2009-04-30
Single Reporting system for grants using BPM	http://www.thenationaldialogue.org/ideas/single-reporting-system-for-grants-using-bpm	rschrader	7	3	5	http://www.thenationaldialogue.org/ideas/mostcomments_view/allideas_topic_view?b_start:int=15&-C=	2009-04-30
Program management &amp; reporting software provides full transparency	http://www.thenationaldialogue.org/ideas/program-management-reporting-software-provides-full-transparency	garyslagel	7	1	5	http://www.thenationaldialogue.org/ideas/mostcomments_view/allideas_topic_view?b_start:int=15&-C=	2009-04-30
Gov. buildings should report their energy usage and track savings	http://www.thenationaldialogue.org/ideas/gov-buildings-should-report-their-energy-usage-and-track-savings	wjhuie	6	2	3	http://www.thenationaldialogue.org/ideas/mostcomments_view/allideas_topic_view?b_start:int=15&-C=	2009-04-30
Establish A National Terminology As A Shared Reference	http://www.thenationaldialogue.org/ideas/establish-a-national-terminology-as-a-shared-reference	RoyERoebuck	6	1	1	http://www.thenationaldialogue.org/ideas/mostcomments_view/allideas_topic_view?b_start:int=15&-C=	2009-04-30
Make public data available to the public with web services	http://www.thenationaldialogue.org/ideas/make-public-data-available-to-the-public-with-web-services	christistevens	6	3	7	http://www.thenationaldialogue.org/ideas/mostcomments_view/allideas_topic_view?b_start:int=20&-C=	2009-04-30
XML Web Services	http://www.thenationaldialogue.org/ideas/xml-web-services	scottd	6	2	3	http://www.thenationaldialogue.org/ideas/mostcomments_view/allideas_topic_view?b_start:int=20&-C=	2009-04-30
Data Mantates should focus on the WHAT's not HOW's	http://www.thenationaldialogue.org/ideas/data-mantates-should-focus-on-the-whats-not-hows	wjhuie	6	3	4	http://www.thenationaldialogue.org/ideas/mostcomments_view/allideas_topic_view?b_start:int=20&-C=	2009-04-30
National Web site Security, Compliance, and Accreditation service	http://www.thenationaldialogue.org/ideas/national-web-site-security-compliance-and-accreditation-service	IBMFedCyber	6	2	3	http://www.thenationaldialogue.org/ideas/mostcomments_view/allideas_topic_view?b_start:int=20&-C=	2009-04-30
Making stimulus spending data accessible to the public	http://www.thenationaldialogue.org/ideas/making-stimulus-spending-data-accessible-to-the-public	andyhoskinson	5	4	16	http://www.thenationaldialogue.org/ideas/mostcomments_view/allideas_topic_view?b_start:int=20&-C=	2009-04-30
Stimulus Spending Transparency, analysis, outcomes and collaboration	http://www.thenationaldialogue.org/ideas/stimulus-spending-transparency-analysis-outcomes-and-collaboration	jvyas	5	4	5	http://www.thenationaldialogue.org/ideas/mostcomments_view/allideas_topic_view?b_start:int=25&-C=	2009-04-30
Amazon Public Datasets. Credits  for EC2	http://www.thenationaldialogue.org/ideas/amazon-public-datasets-credits-for-ec2	brianmackay	5	3	1	http://www.thenationaldialogue.org/ideas/mostcomments_view/allideas_topic_view?b_start:int=25&-C=	2009-04-30
Lessons learned from Hurricane Katrina plus FFATA/status reports/sub-awards	http://www.thenationaldialogue.org/ideas/lessons-learned-from-hurricane-katrina-plus-ffata-status-reports-sub-awards	dmoore	5	4	5	http://www.thenationaldialogue.org/ideas/mostcomments_view/allideas_topic_view?b_start:int=25&-C=	2009-04-30
Central Knowledge Foundation for Transparency, Collaboration, Immediacy	http://www.thenationaldialogue.org/ideas/central-knowledge-foundation-for-transparency-collaboration-immediacy	KevinPaschuck	5	4	9	http://www.thenationaldialogue.org/ideas/mostcomments_view/allideas_topic_view?b_start:int=25&-C=	2009-04-30
Central location and clear results	http://www.thenationaldialogue.org/ideas/central-location-and-clear-results	llbryan	5	3	1	http://www.thenationaldialogue.org/ideas/mostcomments_view/allideas_topic_view?b_start:int=25&-C=	2009-04-30
Recover Act Project Information We Can Trust	http://www.thenationaldialogue.org/ideas/recover-act-project-information-we-can-trust	mkrichman	5	3	17	http://www.thenationaldialogue.org/ideas/mostcomments_view/allideas_topic_view?b_start:int=30&-C=	2009-04-30
Data Reporting based on the XML and Web Services standards.	http://www.thenationaldialogue.org/ideas/data-reporting-based-on-the-xml-and-web-services-standards	amelige	5	3	8	http://www.thenationaldialogue.org/ideas/mostcomments_view/allideas_topic_view?b_start:int=30&-C=	2009-04-30
Implement a "Trusted Information" Strategy	http://www.thenationaldialogue.org/ideas/implement-a-trusted-information-strategy	JWJones	5	3	7	http://www.thenationaldialogue.org/ideas/mostcomments_view/allideas_topic_view?b_start:int=30&-C=	2009-04-30
First, make the data available in raw form	http://www.thenationaldialogue.org/ideas/first-make-the-data-available-in-raw-form	jpmassar	5	3	8	http://www.thenationaldialogue.org/ideas/mostcomments_view/allideas_topic_view?b_start:int=30&-C=	2009-04-30
Federal Government Telecommuting Boondoggle	http://www.thenationaldialogue.org/ideas/federal-government-telecommuting-boondoggle	Maynarddobie	5	0	0	http://www.thenationaldialogue.org/ideas/mostcomments_view/allideas_topic_view?b_start:int=30&-C=	2009-04-30
Thenationaldialogue.org needs to scale better	http://www.thenationaldialogue.org/ideas/thenationaldialogue-org-needs-to-scale-better	rrahman	5	3	4	http://www.thenationaldialogue.org/ideas/mostcomments_view/allideas_topic_view?b_start:int=35&-C=	2009-04-30
Government integrity?	http://www.thenationaldialogue.org/ideas/government-integrity	missmaryooch	5	2	6	http://www.thenationaldialogue.org/ideas/mostcomments_view/allideas_topic_view?b_start:int=35&-C=	2009-04-30
Terms, Terminology, Existing Government Controls, Management Life Cycle	http://www.thenationaldialogue.org/ideas/terms-terminology-existing-government-controls-management-life-cycle	RoyERoebuck	5	3	5	http://www.thenationaldialogue.org/ideas/mostcomments_view/allideas_topic_view?b_start:int=35&-C=	2009-04-30
Use semantic technology to link data.gov and recovery.gov resources	http://www.thenationaldialogue.org/ideas/use-semantic-technology-to-link-data-gov-and-recovery-gov-resources	millsdavis	4	3	19	http://www.thenationaldialogue.org/ideas/mostcomments_view/allideas_topic_view?b_start:int=35&-C=	2009-04-30
Enforce Americans With Disabilities Act	http://www.thenationaldialogue.org/ideas/enforce-americans-with-disabilities-act	jkspartan	4	1	1	http://www.thenationaldialogue.org/ideas/mostcomments_view/allideas_topic_view?b_start:int=35&-C=	2009-04-30
Easy presentation of recovery.gov  data using semantic lenses.	http://www.thenationaldialogue.org/ideas/easy-presentation-of-recovery-gov-data-using-semantic-lenses	millsdavis	4	3	14	http://www.thenationaldialogue.org/ideas/mostcomments_view/allideas_topic_view?b_start:int=40&-C=	2009-04-30
Contractor Tracking and Oversight	http://www.thenationaldialogue.org/ideas/contractor-tracking-and-oversight	tbanderson	4	0	0	http://www.thenationaldialogue.org/ideas/mostcomments_view/allideas_topic_view?b_start:int=40&-C=	2009-04-30
Simple Way To ReduceFraud -- Non-Obvious Relationship Awareness	http://www.thenationaldialogue.org/ideas/simple-way-to-reducefraud-non-obvious-relationship-awareness	TPaydos	4	3	6	http://www.thenationaldialogue.org/ideas/mostcomments_view/allideas_topic_view?b_start:int=40&-C=	2009-04-30
Standards, Standards and Standards	http://www.thenationaldialogue.org/ideas/standards-standards-and-standards	kkrems	4	3	3	http://www.thenationaldialogue.org/ideas/mostcomments_view/allideas_topic_view?b_start:int=40&-C=	2009-04-30
model local reporting process on online income tax sites	http://www.thenationaldialogue.org/ideas/model-local-reporting-process-on-online-income-tax-sites	WDavidStephenson	4	3	5	http://www.thenationaldialogue.org/ideas/mostcomments_view/allideas_topic_view?b_start:int=40&-C=	2009-04-30
Federal Performance Management Solution	http://www.thenationaldialogue.org/ideas/federal-performance-management-solution	jspeigel	4	3	19	http://www.thenationaldialogue.org/ideas/mostcomments_view/allideas_topic_view?b_start:int=45&-C=	2009-04-30
A centralized online procurement system for all gov business opportunities	http://www.thenationaldialogue.org/ideas/a-centralized-online-procurement-system-for-all-gov-business-opportunities	FedScoop	4	4	2	http://www.thenationaldialogue.org/ideas/mostcomments_view/allideas_topic_view?b_start:int=45&-C=	2009-04-30
audit trail	http://www.thenationaldialogue.org/ideas/audit-trail	jav	4	3	5	http://www.thenationaldialogue.org/ideas/mostcomments_view/allideas_topic_view?b_start:int=45&-C=	2009-04-30
Twitter, or Twitter like, with logs, communication	http://www.thenationaldialogue.org/ideas/twitter-or-twitter-like-with-logs-communication	RMoore	4	2	5	http://www.thenationaldialogue.org/ideas/mostcomments_view/allideas_topic_view?b_start:int=45&-C=	2009-04-30
Using alerts and notifications to provide timely problem detection	http://www.thenationaldialogue.org/ideas/using-alerts-and-notifications-to-provide-timely-problem-detection	andyhoskinson	4	4	15	http://www.thenationaldialogue.org/ideas/mostcomments_view/allideas_topic_view?b_start:int=45&-C=	2009-04-30
Give bloggers and others embeddable widgets to detail the effort	http://www.thenationaldialogue.org/ideas/give-bloggers-and-others-embeddable-widgets-to-detail-the-effort	heck0045	4	3	4	http://www.thenationaldialogue.org/ideas/mostcomments_view/allideas_topic_view?b_start:int=50&-C=	2009-04-30
Individualized Reporting and Tailored Interface	http://www.thenationaldialogue.org/ideas/individualized-reporting-and-tailored-interface	swaffors	4	4	3	http://www.thenationaldialogue.org/ideas/mostcomments_view/allideas_topic_view?b_start:int=50&-C=	2009-04-30
Map of Ongoing Recovery Projects	http://www.thenationaldialogue.org/ideas/map-of-ongoing-recovery-projects	ScottHorvath	4	3	9	http://www.thenationaldialogue.org/ideas/mostcomments_view/allideas_topic_view?b_start:int=50&-C=	2009-04-30
CLOUD COMPUTING - using a pool of dedicated resources	http://www.thenationaldialogue.org/ideas/cloud-computing-using-a-pool-of-dedicated-resources	akoch	3	2	2	http://www.thenationaldialogue.org/ideas/mostcomments_view/allideas_topic_view?b_start:int=50&-C=	2009-04-30
Easy access to and categorization of stimulus funding	http://www.thenationaldialogue.org/ideas/easy-access-to-and-categorization-of-stimulus-funding	ahemmady	3	3	5	http://www.thenationaldialogue.org/ideas/mostcomments_view/allideas_topic_view?b_start:int=50&-C=	2009-04-30
jobs	http://www.thenationaldialogue.org/ideas/jobs	oscar	3	3	3	http://www.thenationaldialogue.org/ideas/mostcomments_view/allideas_topic_view?b_start:int=55&-C=	2009-04-30
Can we name names?	http://www.thenationaldialogue.org/ideas/can-we-name-names	CEgleston	3	2	4	http://www.thenationaldialogue.org/ideas/mostcomments_view/allideas_topic_view?b_start:int=55&-C=	2009-04-30
ARRA(Recovery) Decision Support System	http://www.thenationaldialogue.org/ideas/arra-recovery-decision-support-system	dcyoo	3	2	3	http://www.thenationaldialogue.org/ideas/mostcomments_view/allideas_topic_view?b_start:int=55&-C=	2009-04-30
Multi-view system which leverages all data	http://www.thenationaldialogue.org/ideas/multi-view-system-which-leverages-all-data	misterneo	3	3	3	http://www.thenationaldialogue.org/ideas/mostcomments_view/allideas_topic_view?b_start:int=55&-C=	2009-04-30
Free or low cost healthcare?	http://www.thenationaldialogue.org/ideas/free-or-low-cost-healthcare	missmaryooch	3	3	2	http://www.thenationaldialogue.org/ideas/mostcomments_view/allideas_topic_view?b_start:int=55&-C=	2009-04-30
Use of Business Process Management (BPM) Technology for Recovery Programs	http://www.thenationaldialogue.org/ideas/use-of-business-process-management-bpm-technology-for-recovery-programs	JohnBovatsek	3	2	2	http://www.thenationaldialogue.org/ideas/mostcomments_view/allideas_topic_view?b_start:int=60&-C=	2009-04-30
3-hour Daily Career Talk Radio Program for U. S. Job Seekers	http://www.thenationaldialogue.org/ideas/3-hour-daily-career-talk-radio-program-for-u-s-job-seekers	Career_Talk_Radio	3	3	3	http://www.thenationaldialogue.org/ideas/mostcomments_view/allideas_topic_view?b_start:int=60&-C=	2009-04-30
Accessibility to Data Generated by Recovery.gov	http://www.thenationaldialogue.org/ideas/accessibility-to-data-generated-by-recovery.gov	citizencontact	3	4	7	http://www.thenationaldialogue.org/ideas/mostcomments_view/allideas_topic_view?b_start:int=60&-C=	2009-04-30
Incentivize Employees to Save Money	http://www.thenationaldialogue.org/ideas/incentivize-employees-to-save-money	sressler	3	3	1	http://www.thenationaldialogue.org/ideas/mostcomments_view/allideas_topic_view?b_start:int=60&-C=	2009-04-30
Program Management and Transparency of Reinvestment Dollars	http://www.thenationaldialogue.org/ideas/program-management-and-transparency-of-reinvestment-dollars	garyslagel	3	3	3	http://www.thenationaldialogue.org/ideas/mostcomments_view/allideas_topic_view?b_start:int=60&-C=	2009-04-30
Standard Business Glossary	http://www.thenationaldialogue.org/ideas/standard-business-glossary	JWJones	3	2	2	http://www.thenationaldialogue.org/ideas/mostcomments_view/allideas_topic_view?b_start:int=65&-C=	2009-04-30
transparency/oversite employment	http://www.thenationaldialogue.org/ideas/transparency-oversite-employment	mlfabi	3	2	1	http://www.thenationaldialogue.org/ideas/mostcomments_view/allideas_topic_view?b_start:int=65&-C=	2009-04-30
Use managed spreadsheets for local agency reporting	http://www.thenationaldialogue.org/ideas/use-managed-spreadsheets-for-local-agency-reporting	rfbaxter	3	3	5	http://www.thenationaldialogue.org/ideas/mostcomments_view/allideas_topic_view?b_start:int=65&-C=	2009-04-30
Use Annual Imagery to Track Success (IFTN)	http://www.thenationaldialogue.org/ideas/use-annual-imagery-to-track-success-iftn	NSGIC	3	4	12	http://www.thenationaldialogue.org/ideas/mostcomments_view/allideas_topic_view?b_start:int=65&-C=	2009-04-30
Successful Stimulus Oversight Using Project Portfolio Management Software	http://www.thenationaldialogue.org/ideas/successful-stimulus-oversight-using-project-portfolio-management-software	bnathanson	3	3	4	http://www.thenationaldialogue.org/ideas/mostcomments_view/allideas_topic_view?b_start:int=65&-C=	2009-04-30
Transparency lessons from New York City	http://www.thenationaldialogue.org/ideas/transparency-lessons-from-new-york-city	peterdoolan	3	3	5	http://www.thenationaldialogue.org/ideas/mostcomments_view/allideas_topic_view?b_start:int=70&-C=	2009-04-30
Location Schema- Enables Data Analysis and Visualization	http://www.thenationaldialogue.org/ideas/location-schema-enables-data-analysis-and-visualization	NSGIC	3	4	8	http://www.thenationaldialogue.org/ideas/mostcomments_view/allideas_topic_view?b_start:int=70&-C=	2009-04-30
This "discussion" is a a waste of money and effort	http://www.thenationaldialogue.org/ideas/this-discussion-is-a-a-waste-of-money-and-effort	JaapBloem	3	1	5	http://www.thenationaldialogue.org/ideas/mostcomments_view/allideas_topic_view?b_start:int=70&-C=	2009-04-30
NASA-Sponsored Technology for Recovery Act Tracking	http://www.thenationaldialogue.org/ideas/nasa-sponsored-technology-for-recovery-act-tracking	jhale	3	4	4	http://www.thenationaldialogue.org/ideas/mostcomments_view/allideas_topic_view?b_start:int=70&-C=	2009-04-30
Recovery Tool on every Americans desktop and mobile phone using PushBI	http://www.thenationaldialogue.org/ideas/recovery-tool-on-every-americans-desktop-and-mobile-phone-using-pushbi	PushBI	3	0	0	http://www.thenationaldialogue.org/ideas/mostcomments_view/allideas_topic_view?b_start:int=70&-C=	2009-04-30
Make collecting recovery data agile using semantic web technology	http://www.thenationaldialogue.org/ideas/make-collecting-recovery-data-agile-using-semantic-web-technology	millsdavis	3	3	17	http://www.thenationaldialogue.org/ideas/mostcomments_view/allideas_topic_view?b_start:int=75&-C=	2009-04-30
Palantir: Technology to Empower people to Investigate and Prevent Fraud	http://www.thenationaldialogue.org/ideas/palantir-technology-to-empower-people-to-investigate-and-prevent-fraud	afishman	3	3	21	http://www.thenationaldialogue.org/ideas/mostcomments_view/allideas_topic_view?b_start:int=75&-C=	2009-04-30
subject	http://www.thenationaldialogue.org/ideas/subject-1	naseera	3	3	3	http://www.thenationaldialogue.org/ideas/mostcomments_view/allideas_topic_view?b_start:int=75&-C=	2009-04-30
Using balanced scorecards for performance-based analytics	http://www.thenationaldialogue.org/ideas/using-balanced-scorecards-for-performance-based-analytics	andyhoskinson	3	4	13	http://www.thenationaldialogue.org/ideas/mostcomments_view/allideas_topic_view?b_start:int=75&-C=	2009-04-30
Managing the Data Using XAM	http://www.thenationaldialogue.org/ideas/managing-the-data-using-xam	hhines80	3	3	5	http://www.thenationaldialogue.org/ideas/mostcomments_view/allideas_topic_view?b_start:int=75&-C=	2009-04-30
I f you have an idea can you trust it to not be stolen ?	http://www.thenationaldialogue.org/ideas/i-f-you-have-an-idea-can-you-trust-it-to-not-be-stolen	wdaleg	3	1	2	http://www.thenationaldialogue.org/ideas/mostcomments_view/allideas_topic_view?b_start:int=80&-C=	2009-04-30
GFinance360 - Financial Dashboard	http://www.thenationaldialogue.org/ideas/gfinance360-financial-dashboard	sraspa	3	3	8	http://www.thenationaldialogue.org/ideas/mostcomments_view/allideas_topic_view?b_start:int=80&-C=	2009-04-30
Bring in a data visualization expert/team -- consultation and crash course	http://www.thenationaldialogue.org/ideas/bring-in-a-data-visualization-expert-team-consultation-and-crash-course	tgwilson	3	3	4	http://www.thenationaldialogue.org/ideas/mostcomments_view/allideas_topic_view?b_start:int=80&-C=	2009-04-30
GIS based web portal	http://www.thenationaldialogue.org/ideas/gis-based-web-portal	ajaynair	3	3	4	http://www.thenationaldialogue.org/ideas/mostcomments_view/allideas_topic_view?b_start:int=80&-C=	2009-04-30
Leverage commercial vitrualization solutions	http://www.thenationaldialogue.org/ideas/leverage-commercial-vitrualization-solutions	meridock	3	2	4	http://www.thenationaldialogue.org/ideas/mostcomments_view/allideas_topic_view?b_start:int=80&-C=	2009-04-30
Open Source Software	http://www.thenationaldialogue.org/ideas/open-source-software	maryg117	3	2	5	http://www.thenationaldialogue.org/ideas/mostcomments_view/allideas_topic_view?b_start:int=85&-C=	2009-04-30
eGovernment Internal Web-Services Utilization	http://www.thenationaldialogue.org/ideas/egovernment-internal-web-services-utilization	JasonS	2	3	2	http://www.thenationaldialogue.org/ideas/mostcomments_view/allideas_topic_view?b_start:int=85&-C=	2009-04-30
Protecting Privacy	http://www.thenationaldialogue.org/ideas/protecting-privacy	TechLeadership	2	3	3	http://www.thenationaldialogue.org/ideas/mostcomments_view/allideas_topic_view?b_start:int=85&-C=	2009-04-30
First, find out what folks want to know by interest group.	http://www.thenationaldialogue.org/ideas/first-find-out-what-folks-want-to-know-by-interest-group	HHurcombe	2	3	2	http://www.thenationaldialogue.org/ideas/mostcomments_view/allideas_topic_view?b_start:int=85&-C=	2009-04-30
Systems to gather data.	http://www.thenationaldialogue.org/ideas/systems-to-gather-data	HHurcombe	2	3	4	http://www.thenationaldialogue.org/ideas/mostcomments_view/allideas_topic_view?b_start:int=85&-C=	2009-04-30
Organize Participation Through Coalescent Bubbling	http://www.thenationaldialogue.org/ideas/organize-participation-through-coalescent-bubbling	Flywheel	2	3	3	http://www.thenationaldialogue.org/ideas/mostcomments_view/allideas_topic_view?b_start:int=90&-C=	2009-04-30
Open an API for developers to get data	http://www.thenationaldialogue.org/ideas/open-an-api-for-developers-to-get-data	sjehutch	2	3	4	http://www.thenationaldialogue.org/ideas/mostcomments_view/allideas_topic_view?b_start:int=90&-C=	2009-04-30
Get Edward Tufte's Advice	http://www.thenationaldialogue.org/ideas/get-edward-tuftes-advice	gleganza	2	3	5	http://www.thenationaldialogue.org/ideas/mostcomments_view/allideas_topic_view?b_start:int=90&-C=	2009-04-30
Use Amazon cloud computing services to rapidly implement scalable solution	http://www.thenationaldialogue.org/ideas/use-amazon-cloud-computing-services-to-rapidly-implement-scalable-solution	rrahman	2	3	2	http://www.thenationaldialogue.org/ideas/mostcomments_view/allideas_topic_view?b_start:int=90&-C=	2009-04-30
Easier navigation and ability to tag topics	http://www.thenationaldialogue.org/ideas/easier-navigation-and-ability-to-tag-topics	judyjh	2	1	2	http://www.thenationaldialogue.org/ideas/mostcomments_view/allideas_topic_view?b_start:int=90&-C=	2009-04-30
Sustainability Management: How the Shift to Green Can Drive Efficiencies	http://www.thenationaldialogue.org/ideas/sustainability-management-how-the-shift-to-green-can-drive-efficiencies	shaji	2	3	3	http://www.thenationaldialogue.org/ideas/mostcomments_view/allideas_topic_view?b_start:int=95&-C=	2009-04-30
Capture of financial distribution information	http://www.thenationaldialogue.org/ideas/capture-of-financial-distribution-information	driza	2	3	3	http://www.thenationaldialogue.org/ideas/mostcomments_view/allideas_topic_view?b_start:int=95&-C=	2009-04-30
Social Media Tools for Local Government Reporting	http://www.thenationaldialogue.org/ideas/social-media-tools-for-local-government-reporting	pbroviak	2	0	0	http://www.thenationaldialogue.org/ideas/mostcomments_view/allideas_topic_view?b_start:int=95&-C=	2009-04-30
Make it easy to translate data to sharable location based intelligence.	http://www.thenationaldialogue.org/ideas/make-it-easy-to-translate-data-to-sharable-location-based-intelligence	MConnor1495	2	2	4	http://www.thenationaldialogue.org/ideas/mostcomments_view/allideas_topic_view?b_start:int=95&-C=	2009-04-30
Semantic data integration and automated analysis for governme organizations	http://www.thenationaldialogue.org/ideas/semantic-data-integration-and-automated-analysis-for-governme-organizations	wurzer	2	3	3	http://www.thenationaldialogue.org/ideas/mostcomments_view/allideas_topic_view?b_start:int=95&-C=	2009-04-30
Free web portal to fresh high resolution aerial&amp;satellite imagery for GIS	http://www.thenationaldialogue.org/ideas/free-web-portal-to-fresh-high-resolution-aerial-satellite-imagery-for-gis	clovisgis	2	2	3	http://www.thenationaldialogue.org/ideas/mostcomments_view/allideas_topic_view?b_start:int=100&-C=	2009-04-30
Web Enabled Energy Consumption Geographic Dashboard	http://www.thenationaldialogue.org/ideas/web-enabled-energy-consumption-geographic-dashboard	SteveGarf	2	4	2	http://www.thenationaldialogue.org/ideas/mostcomments_view/allideas_topic_view?b_start:int=100&-C=	2009-04-30
Adapt successful federal data exchange programs to ARRA recipient reporting	http://www.thenationaldialogue.org/ideas/adapt-successful-federal-data-exchange-programs-to-arra-recipient-reporting	amclauchlin	2	3	3	http://www.thenationaldialogue.org/ideas/mostcomments_view/allideas_topic_view?b_start:int=100&-C=	2009-04-30
Standards Always Win: An Enterprise Architecture Pattern for Transparency	http://www.thenationaldialogue.org/ideas/standards-always-win-an-enterprise-architecture-pattern-for-transparency	peterdoolan	2	3	4	http://www.thenationaldialogue.org/ideas/mostcomments_view/allideas_topic_view?b_start:int=100&-C=	2009-04-30
Where is the beef (network)?	http://www.thenationaldialogue.org/ideas/where-is-the-beef-network	Bluethunder	2	1	3	http://www.thenationaldialogue.org/ideas/mostcomments_view/allideas_topic_view?b_start:int=100&-C=	2009-04-30
To make the information available to all easily...	http://www.thenationaldialogue.org/ideas/to-make-the-information-available-to-all-easily	driza	2	3	2	http://www.thenationaldialogue.org/ideas/mostcomments_view/allideas_topic_view?b_start:int=105&-C=	2009-04-30
Master Meta Data Management	http://www.thenationaldialogue.org/ideas/master-meta-data-management	ericts	2	3	3	http://www.thenationaldialogue.org/ideas/mostcomments_view/allideas_topic_view?b_start:int=105&-C=	2009-04-30
Don't buy more solutions...use what you already own!	http://www.thenationaldialogue.org/ideas/dont-buy-more-solutions-use-what-you-already-own	YouAlreadyOwnItGuy	2	3	9	http://www.thenationaldialogue.org/ideas/mostcomments_view/allideas_topic_view?b_start:int=105&-C=	2009-04-30
Per Capita Spending Map by Congressional District	http://www.thenationaldialogue.org/ideas/per-capita-spending-map-by-congressional-district	BrownsBay	2	2	2	http://www.thenationaldialogue.org/ideas/mostcomments_view/allideas_topic_view?b_start:int=105&-C=	2009-04-30
Improve consumer confidence	http://www.thenationaldialogue.org/ideas/improve-consumer-confidence	RaviSao	2	3	1	http://www.thenationaldialogue.org/ideas/mostcomments_view/allideas_topic_view?b_start:int=105&-C=	2009-04-30
A single solution.  Let's not try to bolt too many parts together.	http://www.thenationaldialogue.org/ideas/a-single-solution-lets-not-try-to-bolt-too-many-parts-together	Ecteon	2	2	7	http://www.thenationaldialogue.org/ideas/mostcomments_view/allideas_topic_view?b_start:int=110&-C=	2009-04-30
Common data taxonomy	http://www.thenationaldialogue.org/ideas/common-data-taxonomy	jav	2	4	6	http://www.thenationaldialogue.org/ideas/mostcomments_view/allideas_topic_view?b_start:int=110&-C=	2009-04-30
Expose data in existing systems, link them, encourage their use	http://www.thenationaldialogue.org/ideas/expose-data-in-existing-systems-link-them-encourage-their-use	engelke	2	3	2	http://www.thenationaldialogue.org/ideas/mostcomments_view/allideas_topic_view?b_start:int=110&-C=	2009-04-30
Use a Research Management Solution	http://www.thenationaldialogue.org/ideas/use-a-research-management-solution-1	fawce	2	3	4	http://www.thenationaldialogue.org/ideas/mostcomments_view/allideas_topic_view?b_start:int=110&-C=	2009-04-30
Positive ID on illegal entries accross US border	http://www.thenationaldialogue.org/ideas/positive-id-on-illegal-entries-accross-us-border	RichieJ	2	1	2	http://www.thenationaldialogue.org/ideas/mostcomments_view/allideas_topic_view?b_start:int=110&-C=	2009-04-30
Technological Neutrality	http://www.thenationaldialogue.org/ideas/technological-neutrality	mwendy	2	4	11	http://www.thenationaldialogue.org/ideas/mostcomments_view/allideas_topic_view?b_start:int=115&-C=	2009-04-30
Use of Recovery.gov	http://www.thenationaldialogue.org/ideas/use-of-recovery.gov	crmdata	2	2	3	http://www.thenationaldialogue.org/ideas/mostcomments_view/allideas_topic_view?b_start:int=115&-C=	2009-04-30
Create recovery documentary series.	http://www.thenationaldialogue.org/ideas/create-recovery-documentary-series	magicalnoodles	2	3	3	http://www.thenationaldialogue.org/ideas/mostcomments_view/allideas_topic_view?b_start:int=115&-C=	2009-04-30
IT and Information Governance	http://www.thenationaldialogue.org/ideas/it-and-information-governance	GovernanceGuy	2	4	1	http://www.thenationaldialogue.org/ideas/mostcomments_view/allideas_topic_view?b_start:int=115&-C=	2009-04-30
Pre-Built Solution to Track and Report on Recovery Act Funds	http://www.thenationaldialogue.org/ideas/pre-built-solution-to-track-and-report-on-recovery-act-funds	robertdolanjr	2	3	8	http://www.thenationaldialogue.org/ideas/mostcomments_view/allideas_topic_view?b_start:int=115&-C=	2009-04-30
Show correlation between appropriations and results	http://www.thenationaldialogue.org/ideas/show-correlation-between-appropriations-and-results	spierce	2	4	1	http://www.thenationaldialogue.org/ideas/mostcomments_view/allideas_topic_view?b_start:int=120&-C=	2009-04-30
Use a RIA tool like Flex or Silverlight for Interactive Data Visualization	http://www.thenationaldialogue.org/ideas/use-a-ria-tool-like-flex-or-silverlight-for-interactive-data-visualization	lwoodyiii	2	2	3	http://www.thenationaldialogue.org/ideas/mostcomments_view/allideas_topic_view?b_start:int=120&-C=	2009-04-30
Get the Public's Data onto TheDataWeb	http://www.thenationaldialogue.org/ideas/get-the-publics-data-onto-thedataweb	pajody	2	3	2	http://www.thenationaldialogue.org/ideas/mostcomments_view/allideas_topic_view?b_start:int=120&-C=	2009-04-30
Power up this site!	http://www.thenationaldialogue.org/ideas/power-up-this-site	JimT	2	3	7	http://www.thenationaldialogue.org/ideas/mostcomments_view/allideas_topic_view?b_start:int=120&-C=	2009-04-30
Idea of tool	http://www.thenationaldialogue.org/ideas/idea-of-tool	platinum2008	2	2	3	http://www.thenationaldialogue.org/ideas/mostcomments_view/allideas_topic_view?b_start:int=120&-C=	2009-04-30
Strategy Markup Language	http://www.thenationaldialogue.org/ideas/strategy-markup-language	oambur	2	3	2	http://www.thenationaldialogue.org/ideas/mostcomments_view/allideas_topic_view?b_start:int=125&-C=	2009-04-30
Information I would like to see on my state and town.	http://www.thenationaldialogue.org/ideas/information-i-would-like-to-see-on-my-state-and-town	mgarciaotero	2	3	4	http://www.thenationaldialogue.org/ideas/mostcomments_view/allideas_topic_view?b_start:int=125&-C=	2009-04-30
career coaching	http://www.thenationaldialogue.org/ideas/career-coaching	Justjean	2	3	2	http://www.thenationaldialogue.org/ideas/mostcomments_view/allideas_topic_view?b_start:int=125&-C=	2009-04-30
Polling	http://www.thenationaldialogue.org/ideas/polling	ged45	2	4	1	http://www.thenationaldialogue.org/ideas/mostcomments_view/allideas_topic_view?b_start:int=125&-C=	2009-04-30
User Driven Recovery Monitor	http://www.thenationaldialogue.org/ideas/user-driven-recovery-monitor	magicalnoodles	2	3	5	http://www.thenationaldialogue.org/ideas/mostcomments_view/allideas_topic_view?b_start:int=125&-C=	2009-04-30
Simple is Smart: Use Plain Language to Turn Data into Information	http://www.thenationaldialogue.org/ideas/simple-is-smart-use-plain-language-to-turn-data-into-information	ietzkorn	2	0	0	http://www.thenationaldialogue.org/ideas/mostcomments_view/allideas_topic_view?b_start:int=130&-C=	2009-04-30
Deeper Analytics &amp; Visualization	http://www.thenationaldialogue.org/ideas/deeper-analytics-visualization	robertdolanjr	2	4	11	http://www.thenationaldialogue.org/ideas/mostcomments_view/allideas_topic_view?b_start:int=130&-C=	2009-04-30
Create a Master Data Management schema for use by govt. agencies	http://www.thenationaldialogue.org/ideas/create-a-master-data-management-schema-for-use-by-govt-agencies	jpcollin	2	3	5	http://www.thenationaldialogue.org/ideas/mostcomments_view/allideas_topic_view?b_start:int=130&-C=	2009-04-30
Follow the money ... or Focus on Outcomes?	http://www.thenationaldialogue.org/ideas/follow-the-money-or-focus-on-outcomes	timbob	2	3	6	http://www.thenationaldialogue.org/ideas/mostcomments_view/allideas_topic_view?b_start:int=130&-C=	2009-04-30
Communication is Key	http://www.thenationaldialogue.org/ideas/communication-is-key	kgrimmett	2	3	2	http://www.thenationaldialogue.org/ideas/mostcomments_view/allideas_topic_view?b_start:int=130&-C=	2009-04-30
Provide Data in Common Formats	http://www.thenationaldialogue.org/ideas/provide-data-in-common-formats	sunlightfoundation	2	3	7	http://www.thenationaldialogue.org/ideas/mostcomments_view/allideas_topic_view?b_start:int=135&-C=	2009-04-30
Consumer friendly “App Store” to best serve citizens and developers	http://www.thenationaldialogue.org/ideas/consumer-friendly-201capp-store201d-to-best-serve-citizens-and-developers	millsdavis	2	3	13	http://www.thenationaldialogue.org/ideas/mostcomments_view/allideas_topic_view?b_start:int=135&-C=	2009-04-30
Show Results	http://www.thenationaldialogue.org/ideas/show-results	rdotis	2	3	3	http://www.thenationaldialogue.org/ideas/mostcomments_view/allideas_topic_view?b_start:int=135&-C=	2009-04-30
Use of Geographic Information Systems (GIS)	http://www.thenationaldialogue.org/ideas/use-of-geographic-information-systems-gis	jtmac	2	3	9	http://www.thenationaldialogue.org/ideas/mostcomments_view/allideas_topic_view?b_start:int=135&-C=	2009-04-30
web-based reporting process similar to TurboTax	http://www.thenationaldialogue.org/ideas/web-based-reporting-process-similar-to-turbotax	WDavidStephenson	2	4	6	http://www.thenationaldialogue.org/ideas/mostcomments_view/allideas_topic_view?b_start:int=135&-C=	2009-04-30
Interesting Cloud Approach to Track Stimulus Funds FAST	http://www.thenationaldialogue.org/ideas/interesting-cloud-approach-to-track-stimulus-funds-fast	CloudComputingAdvocate	2	3	6	http://www.thenationaldialogue.org/ideas/mostcomments_view/allideas_topic_view?b_start:int=140&-C=	2009-04-30
Bank Regulations for first time Home Buyers	http://www.thenationaldialogue.org/ideas/bank-regulations-for-first-time-home-buyers	aerm60	1	3	3	http://www.thenationaldialogue.org/ideas/mostcomments_view/allideas_topic_view?b_start:int=140&-C=	2009-04-30
The Simple Language Discussion	http://www.thenationaldialogue.org/ideas/the-simple-language-discussion	JazMichaelKing	1	3	3	http://www.thenationaldialogue.org/ideas/mostcomments_view/allideas_topic_view?b_start:int=140&-C=	2009-04-30
Green IT Through Virtualization, Cloud Computing, and a Virtual Desktop inf	http://www.thenationaldialogue.org/ideas/green-it-through-virtualization-cloud-computing-and-a-virtual-desktop-inf	nordlus	1	3	2	http://www.thenationaldialogue.org/ideas/mostcomments_view/allideas_topic_view?b_start:int=140&-C=	2009-04-30
Create Directory of 3rd Party Recovery Websites	http://www.thenationaldialogue.org/ideas/create-directory-of-3rd-party-recovery-websites	govloop	1	3	8	http://www.thenationaldialogue.org/ideas/mostcomments_view/allideas_topic_view?b_start:int=140&-C=	2009-04-30
Show more ideas on a page	http://www.thenationaldialogue.org/ideas/show-more-ideas-on-a-page	misterneo	1	0	0	http://www.thenationaldialogue.org/ideas/mostcomments_view/allideas_topic_view?b_start:int=145&-C=	2009-04-30
Credibility	http://www.thenationaldialogue.org/ideas/credibility	bublynski	1	2	2	http://www.thenationaldialogue.org/ideas/mostcomments_view/allideas_topic_view?b_start:int=145&-C=	2009-04-30
Improve this website.	http://www.thenationaldialogue.org/ideas/improve-this-website	missmaryooch	1	3	3	http://www.thenationaldialogue.org/ideas/mostcomments_view/allideas_topic_view?b_start:int=145&-C=	2009-04-30
Open Source the Implementation to stop Big IT ripping off the gov i.e. US	http://www.thenationaldialogue.org/ideas/open-source-the-implementation-to-stop-big-it-ripping-off-the-gov-i-e-us	davidparry	1	3	5	http://www.thenationaldialogue.org/ideas/mostcomments_view/allideas_topic_view?b_start:int=145&-C=	2009-04-30
Comprehensive Security Approach	http://www.thenationaldialogue.org/ideas/comprehensive-security-approach	MJELLIN	1	3	1	http://www.thenationaldialogue.org/ideas/mostcomments_view/allideas_topic_view?b_start:int=145&-C=	2009-04-30
child tax credit 1040 income taxes	http://www.thenationaldialogue.org/ideas/child-tax-credit-1040-income-taxes	buddiesam	1	1	2	http://www.thenationaldialogue.org/ideas/mostcomments_view/allideas_topic_view?b_start:int=150&-C=	2009-04-30
true transparency	http://www.thenationaldialogue.org/ideas/true-transparency	WEthepeople	1	2	1	http://www.thenationaldialogue.org/ideas/mostcomments_view/allideas_topic_view?b_start:int=150&-C=	2009-04-30
Lies, Damned Lies &amp; Statistics	http://www.thenationaldialogue.org/ideas/lies-damned-lies-statistics	cypress	1	3	1	http://www.thenationaldialogue.org/ideas/mostcomments_view/allideas_topic_view?b_start:int=150&-C=	2009-04-30
Link to Jobs List on State official website	http://www.thenationaldialogue.org/ideas/link-to-jobs-list-on-state-official-website	lmurban	1	4	1	http://www.thenationaldialogue.org/ideas/mostcomments_view/allideas_topic_view?b_start:int=150&-C=	2009-04-30
Spatial Analysis of Expenditures	http://www.thenationaldialogue.org/ideas/spatial-analysis-of-expenditures	jbenderson	1	3	4	http://www.thenationaldialogue.org/ideas/mostcomments_view/allideas_topic_view?b_start:int=150&-C=	2009-04-30
Measuring the benefits to citizens not just industry and government	http://www.thenationaldialogue.org/ideas/measuring-the-benefits-to-citizens-not-just-industry-and-government	jtgibbon	1	3	2	http://www.thenationaldialogue.org/ideas/mostcomments_view/allideas_topic_view?b_start:int=155&-C=	2009-04-30
Tracking the Good, the Bad and the Ugly: Data Analysis	http://www.thenationaldialogue.org/ideas/tracking-the-good-the-bad-and-the-ugly-data-analysis	bluerhinofly	1	0	0	http://www.thenationaldialogue.org/ideas/mostcomments_view/allideas_topic_view?b_start:int=155&-C=	2009-04-30
Public Communications via Cartoon Animations	http://www.thenationaldialogue.org/ideas/public-communications-via-cartoon-animations	matiemann	1	3	2	http://www.thenationaldialogue.org/ideas/mostcomments_view/allideas_topic_view?b_start:int=155&-C=	2009-04-30
Optimize Transparency and Accountability Using Location	http://www.thenationaldialogue.org/ideas/optimize-transparency-and-accountability-using-location	GrantThornton	1	3	8	http://www.thenationaldialogue.org/ideas/mostcomments_view/allideas_topic_view?b_start:int=155&-C=	2009-04-30
XML for Bills	http://www.thenationaldialogue.org/ideas/xml-for-bills	jgeraci	1	3	2	http://www.thenationaldialogue.org/ideas/mostcomments_view/allideas_topic_view?b_start:int=155&-C=	2009-04-30
Think Simple !!	http://www.thenationaldialogue.org/ideas/think-simple	prafullkotecha	1	3	2	http://www.thenationaldialogue.org/ideas/mostcomments_view/allideas_topic_view?b_start:int=160&-C=	2009-04-30
Normalize First, Collect Second, Analyze Last	http://www.thenationaldialogue.org/ideas/normalize-first-collect-second-analyze-last	hbursi	1	0	0	http://www.thenationaldialogue.org/ideas/mostcomments_view/allideas_topic_view?b_start:int=160&-C=	2009-04-30
Scorecards to Offer Insight into Current Performance on Stimulus Portfolio	http://www.thenationaldialogue.org/ideas/scorecards-to-offer-insight-into-current-performance-on-stimulus-portfolio	ActiveStrategy	1	2	3	http://www.thenationaldialogue.org/ideas/mostcomments_view/allideas_topic_view?b_start:int=160&-C=	2009-04-30
Enable Drill-Down As With OMB's VUE-IT	http://www.thenationaldialogue.org/ideas/enable-drill-down-as-with-ombs-vue-it	gleganza	1	0	0	http://www.thenationaldialogue.org/ideas/mostcomments_view/allideas_topic_view?b_start:int=160&-C=	2009-04-30
Modeling Stimulus Impact	http://www.thenationaldialogue.org/ideas/modeling-stimulus-impact	dfxoreilly	1	3	1	http://www.thenationaldialogue.org/ideas/mostcomments_view/allideas_topic_view?b_start:int=160&-C=	2009-04-30
Making the Web site inclusive-Building from all levels. Can We?	http://www.thenationaldialogue.org/ideas/making-the-web-site-inclusive-building-from-all-levels-can-we	rstuckey	1	2	3	http://www.thenationaldialogue.org/ideas/mostcomments_view/allideas_topic_view?b_start:int=165&-C=	2009-04-30
Leverage existing Database	http://www.thenationaldialogue.org/ideas/leverage-existing-database	dfxoreilly	1	3	2	http://www.thenationaldialogue.org/ideas/mostcomments_view/allideas_topic_view?b_start:int=165&-C=	2009-04-30
Adopt Effective IT Complexity Management	http://www.thenationaldialogue.org/ideas/adopt-effective-it-complexity-management	RogerSessions	1	3	1	http://www.thenationaldialogue.org/ideas/mostcomments_view/allideas_topic_view?b_start:int=165&-C=	2009-04-30
Make it fast please	http://www.thenationaldialogue.org/ideas/make-it-fast-please	CEgleston	1	2	2	http://www.thenationaldialogue.org/ideas/mostcomments_view/allideas_topic_view?b_start:int=165&-C=	2009-04-30
Hotline and Case Referral Solutions	http://www.thenationaldialogue.org/ideas/hotline-and-case-referral-solutions	DRH	1	0	0	http://www.thenationaldialogue.org/ideas/mostcomments_view/allideas_topic_view?b_start:int=165&-C=	2009-04-30
Transparency is More Than Publication: The Role of Citizen Exchange	http://www.thenationaldialogue.org/ideas/transparency-is-more-than-publication-the-role-of-citizen-exchange	kpkobza	1	0	0	http://www.thenationaldialogue.org/ideas/mostcomments_view/allideas_topic_view?b_start:int=170&-C=	2009-04-30
Jobless solutions	http://www.thenationaldialogue.org/ideas/jobless-solutions	gordongshaw	1	0	0	http://www.thenationaldialogue.org/ideas/mostcomments_view/allideas_topic_view?b_start:int=170&-C=	2009-04-30
what's the business case for recovery.gov	http://www.thenationaldialogue.org/ideas/whats-the-business-case-for-recovery.gov	maforman	1	3	4	http://www.thenationaldialogue.org/ideas/mostcomments_view/allideas_topic_view?b_start:int=170&-C=	2009-04-30
Break down	http://www.thenationaldialogue.org/ideas/break-down	fordfan78	1	0	0	http://www.thenationaldialogue.org/ideas/mostcomments_view/allideas_topic_view?b_start:int=170&-C=	2009-04-30
Limits of creativity of spending	http://www.thenationaldialogue.org/ideas/limits-of-creativity-of-spending	floeffler	1	3	1	http://www.thenationaldialogue.org/ideas/mostcomments_view/allideas_topic_view?b_start:int=170&-C=	2009-04-30
Graphs, Charts, GIS Drilldowns	http://www.thenationaldialogue.org/ideas/graphs-charts-gis-drilldowns	ram290476	1	3	4	http://www.thenationaldialogue.org/ideas/mostcomments_view/allideas_topic_view?b_start:int=175&-C=	2009-04-30
Governmentwide Financial Management Structures	http://www.thenationaldialogue.org/ideas/governmentwide-financial-management-structures	ifaunce	1	4	1	http://www.thenationaldialogue.org/ideas/mostcomments_view/allideas_topic_view?b_start:int=175&-C=	2009-04-30
Use of Key Performance Indicators as Oversight Tool	http://www.thenationaldialogue.org/ideas/use-of-key-performance-indicators-as-oversight-tool	rblock	1	2	6	http://www.thenationaldialogue.org/ideas/mostcomments_view/allideas_topic_view?b_start:int=175&-C=	2009-04-30
Gear Up, Partnerships for Success	http://www.thenationaldialogue.org/ideas/gear-up-partnerships-for-success	louiedeux	1	0	0	http://www.thenationaldialogue.org/ideas/mostcomments_view/allideas_topic_view?b_start:int=175&-C=	2009-04-30
Restoring integrity and enforcing it at the same time	http://www.thenationaldialogue.org/ideas/restoring-integrity-and-enforcing-it-at-the-same-time	sabuthefuture	1	0	0	http://www.thenationaldialogue.org/ideas/mostcomments_view/allideas_topic_view?b_start:int=175&-C=	2009-04-30
A universal information access system is the key to stimulus success	http://www.thenationaldialogue.org/ideas/a-universal-information-access-system-is-the-key-to-stimulus-success	hhilton	1	0	0	http://www.thenationaldialogue.org/ideas/mostcomments_view/allideas_topic_view?b_start:int=180&-C=	2009-04-30
Live view of infrastructure projects	http://www.thenationaldialogue.org/ideas/live-view-of-infrastructure-projects	magicalnoodles	1	0	0	http://www.thenationaldialogue.org/ideas/mostcomments_view/allideas_topic_view?b_start:int=180&-C=	2009-04-30
U.S. Government can improve its portfolio management capabilities	http://www.thenationaldialogue.org/ideas/u-s-government-can-improve-its-portfolio-management-capabilities	Alband	1	3	4	http://www.thenationaldialogue.org/ideas/mostcomments_view/allideas_topic_view?b_start:int=180&-C=	2009-04-30
Data preservation	http://www.thenationaldialogue.org/ideas/data-preservation	jav	1	3	3	http://www.thenationaldialogue.org/ideas/mostcomments_view/allideas_topic_view?b_start:int=180&-C=	2009-04-30
See Past the Metric with High Performance, Fully Integrated Open Source BI	http://www.thenationaldialogue.org/ideas/see-past-the-metric-with-high-performance-fully-integrated-open-source-bi	katsoulis	1	2	4	http://www.thenationaldialogue.org/ideas/mostcomments_view/allideas_topic_view?b_start:int=180&-C=	2009-04-30
Oregon Stimulus Transparency &amp; Accountability Tracking System	http://www.thenationaldialogue.org/ideas/oregon-stimulus-transparency-accountability-tracking-system	cysmith	1	3	4	http://www.thenationaldialogue.org/ideas/mostcomments_view/allideas_topic_view?b_start:int=185&-C=	2009-04-30
Catalog, manage and present recovery locations on digital maps.	http://www.thenationaldialogue.org/ideas/catalog-manage-and-present-recovery-locations-on-digital-maps	SmartMaps	1	3	2	http://www.thenationaldialogue.org/ideas/mostcomments_view/allideas_topic_view?b_start:int=185&-C=	2009-04-30
Web 3.0 -- A Free Wiki for Executable English	http://www.thenationaldialogue.org/ideas/web-3-0-a-free-wiki-for-executable-english	adriandwalker	1	3	2	http://www.thenationaldialogue.org/ideas/mostcomments_view/allideas_topic_view?b_start:int=185&-C=	2009-04-30
Information &amp; Data Security	http://www.thenationaldialogue.org/ideas/information-data-security	pstelnyk	1	3	3	http://www.thenationaldialogue.org/ideas/mostcomments_view/allideas_topic_view?b_start:int=185&-C=	2009-04-30
Create and provide a basis for cost/performance comparisons or benchmarks	http://www.thenationaldialogue.org/ideas/create-and-provide-a-basis-for-cost-performance-comparisons-or-benchmarks	maforman	1	3	2	http://www.thenationaldialogue.org/ideas/mostcomments_view/allideas_topic_view?b_start:int=185&-C=	2009-04-30
Marketing/Presenting  the data	http://www.thenationaldialogue.org/ideas/marketing-presenting-the-data	plmcclelland	1	3	2	http://www.thenationaldialogue.org/ideas/mostcomments_view/allideas_topic_view?b_start:int=190&-C=	2009-04-30
Sortable data	http://www.thenationaldialogue.org/ideas/sortable-data	easygoes	1	4	1	http://www.thenationaldialogue.org/ideas/mostcomments_view/allideas_topic_view?b_start:int=190&-C=	2009-04-30
Using Proven Best Practices, Real-World Use for Tracking Funds, Programs	http://www.thenationaldialogue.org/ideas/using-proven-best-practices-real-world-use-for-tracking-funds-programs	robertdolanjr	1	3	1	http://www.thenationaldialogue.org/ideas/mostcomments_view/allideas_topic_view?b_start:int=190&-C=	2009-04-30
The Crux Of The Issue: Trusted Information	http://www.thenationaldialogue.org/ideas/the-crux-of-the-issue-trusted-information	TPaydos	1	4	3	http://www.thenationaldialogue.org/ideas/mostcomments_view/allideas_topic_view?b_start:int=190&-C=	2009-04-30
Zip Code searchability: What's (Actually) Helping My Community?	http://www.thenationaldialogue.org/ideas/zip-code-searchability-whats-actually-helping-my-community	rsandhaus	1	3	1	http://www.thenationaldialogue.org/ideas/mostcomments_view/allideas_topic_view?b_start:int=190&-C=	2009-04-30
Citizen Usability and "Being Meaningful"	http://www.thenationaldialogue.org/ideas/citizen-usability-and-being-meaningful	Joe_Brewer	1	3	2	http://www.thenationaldialogue.org/ideas/mostcomments_view/allideas_topic_view?b_start:int=195&-C=	2009-04-30
Customer Experience Analysis Needed on Recovery.gov	http://www.thenationaldialogue.org/ideas/customer-experience-analysis-needed-on-recovery.gov	nicoleburton	1	3	3	http://www.thenationaldialogue.org/ideas/mostcomments_view/allideas_topic_view?b_start:int=195&-C=	2009-04-30
This site is painfully slow! Make this site run faster!	http://www.thenationaldialogue.org/ideas/this-site-is-painfully-slow-make-this-site-run-faster	Flywheel	1	3	3	http://www.thenationaldialogue.org/ideas/mostcomments_view/allideas_topic_view?b_start:int=195&-C=	2009-04-30
Using recovery.gov data for analysis and prediction of mpact	http://www.thenationaldialogue.org/ideas/using-recovery-gov-data-for-analysis-and-prediction-of-mpact	bdietrich	1	2	1	http://www.thenationaldialogue.org/ideas/mostcomments_view/allideas_topic_view?b_start:int=195&-C=	2009-04-30
Job-o-meters	http://www.thenationaldialogue.org/ideas/job-o-meters	groberson	1	4	1	http://www.thenationaldialogue.org/ideas/mostcomments_view/allideas_topic_view?b_start:int=195&-C=	2009-04-30
Vapsoft ARRA Decision Support System	http://www.thenationaldialogue.org/ideas/vapsoft-arra-decision-support-system	dcyoo	1	3	3	http://www.thenationaldialogue.org/ideas/mostcomments_view/allideas_topic_view?b_start:int=200&-C=	2009-04-30
Eclipse Based: Transparency Tool IBM Mashups combined with Dashboards	http://www.thenationaldialogue.org/ideas/eclipse-based-transparency-tool-ibm-mashups-combined-with-dashboards	cyndyesty	1	1	3	http://www.thenationaldialogue.org/ideas/mostcomments_view/allideas_topic_view?b_start:int=200&-C=	2009-04-30
Hire Amazon	http://www.thenationaldialogue.org/ideas/hire-amazon	CEgleston	1	1	1	http://www.thenationaldialogue.org/ideas/mostcomments_view/allideas_topic_view?b_start:int=200&-C=	2009-04-30
Spending taxonomy	http://www.thenationaldialogue.org/ideas/spending-taxonomy	jpmorgenthal	1	3	3	http://www.thenationaldialogue.org/ideas/mostcomments_view/allideas_topic_view?b_start:int=200&-C=	2009-04-30
Social Networks &amp; Grants Management	http://www.thenationaldialogue.org/ideas/social-networks-grants-management	andreas	1	4	1	http://www.thenationaldialogue.org/ideas/mostcomments_view/allideas_topic_view?b_start:int=200&-C=	2009-04-30
Data storage for paperless medical records	http://www.thenationaldialogue.org/ideas/data-storage-for-paperless-medical-records	moWhite	1	0	0	http://www.thenationaldialogue.org/ideas/mostcomments_view/allideas_topic_view?b_start:int=205&-C=	2009-04-30
Details	http://www.thenationaldialogue.org/ideas/details	Laslo	1	1	1	http://www.thenationaldialogue.org/ideas/mostcomments_view/allideas_topic_view?b_start:int=205&-C=	2009-04-30
Local Government - using an existing technology resource to handle ARRA pro	http://www.thenationaldialogue.org/ideas/local-government-using-an-existing-technology-resource-to-handle-arra-pro	lkiser	1	3	5	http://www.thenationaldialogue.org/ideas/mostcomments_view/allideas_topic_view?b_start:int=205&-C=	2009-04-30
Report Multiple Bottom Lines - Take a page from the business world	http://www.thenationaldialogue.org/ideas/report-multiple-bottom-lines-take-a-page-from-the-business-world	sdlevine	1	3	3	http://www.thenationaldialogue.org/ideas/mostcomments_view/allideas_topic_view?b_start:int=205&-C=	2009-04-30
Tell citizens who is working on projects and where the work is being done.	http://www.thenationaldialogue.org/ideas/tell-citizens-who-is-working-on-projects-and-where-the-work-is-being-done	danielmac	1	4	3	http://www.thenationaldialogue.org/ideas/mostcomments_view/allideas_topic_view?b_start:int=205&-C=	2009-04-30
The Users' Perspective	http://www.thenationaldialogue.org/ideas/the-users-perspective	IowaSunny	1	3	3	http://www.thenationaldialogue.org/ideas/mostcomments_view/allideas_topic_view?b_start:int=210&-C=	2009-04-30
Build an Approval / Validated system for data	http://www.thenationaldialogue.org/ideas/build-an-approval-validated-system-for-data	wjhuie	1	0	0	http://www.thenationaldialogue.org/ideas/mostcomments_view/allideas_topic_view?b_start:int=210&-C=	2009-04-30
Build an Approval / Validated system for data	http://www.thenationaldialogue.org/ideas/build-an-approval-validated-system-for-data-1	wjhuie	1	4	1	http://www.thenationaldialogue.org/ideas/mostcomments_view/allideas_topic_view?b_start:int=210&-C=	2009-04-30
Treemap for exploration of spending	http://www.thenationaldialogue.org/ideas/treemap-for-exploration-of-spending	zachgemignani	1	3	2	http://www.thenationaldialogue.org/ideas/mostcomments_view/allideas_topic_view?b_start:int=210&-C=	2009-04-30
Why is this a .org site?	http://www.thenationaldialogue.org/ideas/why-is-this-a-org-site	jst2stupid	1	1	1	http://www.thenationaldialogue.org/ideas/mostcomments_view/allideas_topic_view?b_start:int=210&-C=	2009-04-30
Ensure Optimum Performance of the Recovery.gov Applications	http://www.thenationaldialogue.org/ideas/ensure-optimum-performance-of-the-recovery-gov-applications	lkhorner	1	3	7	http://www.thenationaldialogue.org/ideas/mostcomments_view/allideas_topic_view?b_start:int=215&-C=	2009-04-30
Enterprise Scalable Secure "FaceBook type tool for Federal Gov IBM Profiles	http://www.thenationaldialogue.org/ideas/enterprise-scalable-secure-facebook-type-tool-for-federal-gov-ibm-profiles	cyndyesty	1	1	3	http://www.thenationaldialogue.org/ideas/mostcomments_view/allideas_topic_view?b_start:int=215&-C=	2009-04-30
Use Existing Commercial SaaS Enterprise Solutions for Decentralized Model	http://www.thenationaldialogue.org/ideas/use-existing-commercial-saas-enterprise-solutions-for-decentralized-model	kpkobza	1	4	1	http://www.thenationaldialogue.org/ideas/mostcomments_view/allideas_topic_view?b_start:int=215&-C=	2009-04-30
Use and support Open ICT Standards	http://www.thenationaldialogue.org/ideas/use-and-support-open-ict-standards	danield	None	1	1	http://www.thenationaldialogue.org/ideas/mostcomments_view/allideas_topic_view?b_start:int=215&-C=	2009-04-30
Toward Best Practices &amp; Innovation: An Emergent Learning Oppotunity	http://www.thenationaldialogue.org/ideas/toward-best-practices-innovation-an-emergent-learning-oppotunity	bluerhinofly	None	3	2	http://www.thenationaldialogue.org/ideas/mostcomments_view/allideas_topic_view?b_start:int=215&-C=	2009-04-30
DOT Highway Construction Traffic Impact Reporting	http://www.thenationaldialogue.org/ideas/dot-highway-construction-traffic-impact-reporting	moWhite	None	0	0	http://www.thenationaldialogue.org/ideas/mostcomments_view/allideas_topic_view?b_start:int=220&-C=	2009-04-30
Push versus Pull for oversight of funds	http://www.thenationaldialogue.org/ideas/push-versus-pull-for-oversight-of-funds	jbabcock	None	0	0	http://www.thenationaldialogue.org/ideas/mostcomments_view/allideas_topic_view?b_start:int=220&-C=	2009-04-30
Tracking the Progress - Executive Information	http://www.thenationaldialogue.org/ideas/tracking-the-progress-executive-information	bruce685	None	0	0	http://www.thenationaldialogue.org/ideas/mostcomments_view/allideas_topic_view?b_start:int=220&-C=	2009-04-30
User-friendly Data Presentation Platform	http://www.thenationaldialogue.org/ideas/user-friendly-data-presentation-platform	scorpion777	None	1	1	http://www.thenationaldialogue.org/ideas/mostcomments_view/allideas_topic_view?b_start:int=220&-C=	2009-04-30
Widget Builder	http://www.thenationaldialogue.org/ideas/widget-builder	govloop	None	3	5	http://www.thenationaldialogue.org/ideas/mostcomments_view/allideas_topic_view?b_start:int=220&-C=	2009-04-30
On-going collection, rating, and response to citizen's questions	http://www.thenationaldialogue.org/ideas/on-going-collection-rating-and-response-to-citizens-questions	tgwilson	None	0	0	http://www.thenationaldialogue.org/ideas/mostcomments_view/allideas_topic_view?b_start:int=225&-C=	2009-04-30
Consolidate All Projects from All Agencies into One Site	http://www.thenationaldialogue.org/ideas/consolidate-all-projects-from-all-agencies-into-one-site	jagibbo	None	3	1	http://www.thenationaldialogue.org/ideas/mostcomments_view/allideas_topic_view?b_start:int=225&-C=	2009-04-30
transgender healthcare programs	http://www.thenationaldialogue.org/ideas/transgender-healthcare-programs	dianenero	None	0	0	http://www.thenationaldialogue.org/ideas/mostcomments_view/allideas_topic_view?b_start:int=225&-C=	2009-04-30
Loans Available to Small Business	http://www.thenationaldialogue.org/ideas/loans-available-to-small-business	docjoeag	None	0	0	http://www.thenationaldialogue.org/ideas/mostcomments_view/allideas_topic_view?b_start:int=225&-C=	2009-04-30
Use of Trns•port BAMS/DSS software in 39 DOTs	http://www.thenationaldialogue.org/ideas/use-of-trns2022port-bams-dss-software-in-39-dots	kyelle	None	0	0	http://www.thenationaldialogue.org/ideas/mostcomments_view/allideas_topic_view?b_start:int=225&-C=	2009-04-30
Balance sheet showing jobs loss and gained	http://www.thenationaldialogue.org/ideas/balance-sheet-showing-jobs-loss-and-gained-1	grand	None	0	0	http://www.thenationaldialogue.org/ideas/mostcomments_view/allideas_topic_view?b_start:int=230&-C=	2009-04-30
If you really want transparency...	http://www.thenationaldialogue.org/ideas/if-you-really-want-transparency	ProjectManager2001	None	1	2	http://www.thenationaldialogue.org/ideas/mostcomments_view/allideas_topic_view?b_start:int=230&-C=	2009-04-30
Geospaital enabled live data feeds (GIS Services)	http://www.thenationaldialogue.org/ideas/geospaital-enabled-live-data-feeds-gis-services	tabdella	None	2	4	http://www.thenationaldialogue.org/ideas/mostcomments_view/allideas_topic_view?b_start:int=230&-C=	2009-04-30
Allowing data searches similar to the American Community Survey	http://www.thenationaldialogue.org/ideas/allowing-data-searches-similar-to-the-american-community-survey	ChantelB	None	0	0	http://www.thenationaldialogue.org/ideas/mostcomments_view/allideas_topic_view?b_start:int=230&-C=	2009-04-30
Business information!	http://www.thenationaldialogue.org/ideas/business-information	rlhorn	None	0	0	http://www.thenationaldialogue.org/ideas/mostcomments_view/allideas_topic_view?b_start:int=230&-C=	2009-04-30
Common User Interface	http://www.thenationaldialogue.org/ideas/common-user-interface	SchublaKhan	None	4	1	http://www.thenationaldialogue.org/ideas/mostcomments_view/allideas_topic_view?b_start:int=235&-C=	2009-04-30
Search, analyze and catalogue diverse data and create custom dashboards	http://www.thenationaldialogue.org/ideas/search-analyze-and-catalogue-diverse-data-and-create-custom-dashboards	rabmeb	None	0	0	http://www.thenationaldialogue.org/ideas/mostcomments_view/allideas_topic_view?b_start:int=235&-C=	2009-04-30
Obama Adminstration on IT	http://www.thenationaldialogue.org/ideas/obama-adminstration-on-it	infradant	None	0	0	http://www.thenationaldialogue.org/ideas/mostcomments_view/allideas_topic_view?b_start:int=235&-C=	2009-04-30
Identity Management Allowing Cross Domain Access	http://www.thenationaldialogue.org/ideas/identity-management-allowing-cross-domain-access	jcgriffin	None	0	0	http://www.thenationaldialogue.org/ideas/mostcomments_view/allideas_topic_view?b_start:int=235&-C=	2009-04-30
Retaining Jobs in Public Sector/Civil Service	http://www.thenationaldialogue.org/ideas/retaining-jobs-in-public-sector-civil-service	ljtrader	None	0	0	http://www.thenationaldialogue.org/ideas/mostcomments_view/allideas_topic_view?b_start:int=235&-C=	2009-04-30
Create a widget	http://www.thenationaldialogue.org/ideas/create-a-widget	vickyelse	None	0	0	http://www.thenationaldialogue.org/ideas/mostcomments_view/allideas_topic_view?b_start:int=240&-C=	2009-04-30
Good luck!	http://www.thenationaldialogue.org/ideas/good-luck	missmaryooch	None	0	0	http://www.thenationaldialogue.org/ideas/mostcomments_view/allideas_topic_view?b_start:int=240&-C=	2009-04-30
Provide ways for citizens to report back bad data	http://www.thenationaldialogue.org/ideas/provide-ways-for-citizens-to-report-back-bad-data	sunlightfoundation	None	0	0	http://www.thenationaldialogue.org/ideas/mostcomments_view/allideas_topic_view?b_start:int=240&-C=	2009-04-30
Integrating Medicare/Medicaid	http://www.thenationaldialogue.org/ideas/integrating-medicare-medicaid	royaltin	None	2	3	http://www.thenationaldialogue.org/ideas/mostcomments_view/allideas_topic_view?b_start:int=240&-C=	2009-04-30
GIS	http://www.thenationaldialogue.org/ideas/gis	gdoebber	None	0	0	http://www.thenationaldialogue.org/ideas/mostcomments_view/allideas_topic_view?b_start:int=240&-C=	2009-04-30
Data sharing using Web Services	http://www.thenationaldialogue.org/ideas/data-sharing-using-web-services	WyomingDBA	None	0	0	http://www.thenationaldialogue.org/ideas/mostcomments_view/allideas_topic_view?b_start:int=245&-C=	2009-04-30
Help Homeowners	http://www.thenationaldialogue.org/ideas/help-homeowners	Underwater	None	0	0	http://www.thenationaldialogue.org/ideas/mostcomments_view/allideas_topic_view?b_start:int=245&-C=	2009-04-30
Updated Information Base on Foreign Aid	http://www.thenationaldialogue.org/ideas/updated-information-base-on-foreign-aid	EHarris	None	0	0	http://www.thenationaldialogue.org/ideas/mostcomments_view/allideas_topic_view?b_start:int=245&-C=	2009-04-30
Semi anual follow up dialogues	http://www.thenationaldialogue.org/ideas/semi-anual-follow-up-dialogues	abdielquezada	None	0	0	http://www.thenationaldialogue.org/ideas/mostcomments_view/allideas_topic_view?b_start:int=245&-C=	2009-04-30
data analysis.	http://www.thenationaldialogue.org/ideas/data-analysis	joe	None	0	0	http://www.thenationaldialogue.org/ideas/mostcomments_view/allideas_topic_view?b_start:int=245&-C=	2009-04-30
Share comments on specific items on public social media sites.	http://www.thenationaldialogue.org/ideas/share-comments-on-specific-items-on-public-social-media-sites	kfischer	None	0	0	http://www.thenationaldialogue.org/ideas/mostcomments_view/allideas_topic_view?b_start:int=250&-C=	2009-04-30
A common mans glance at what these recovery measures mean to me	http://www.thenationaldialogue.org/ideas/a-common-mans-glance-at-what-these-recovery-measures-mean-to-me	mmyers	None	2	2	http://www.thenationaldialogue.org/ideas/mostcomments_view/allideas_topic_view?b_start:int=250&-C=	2009-04-30
Want real CHANGE - "ASK4" it	http://www.thenationaldialogue.org/ideas/want-real-change-ask4-it	geob	None	0	0	http://www.thenationaldialogue.org/ideas/mostcomments_view/allideas_topic_view?b_start:int=250&-C=	2009-04-30
Freedom of Software	http://www.thenationaldialogue.org/ideas/freedom-of-software	nalvaro	None	3	2	http://www.thenationaldialogue.org/ideas/mostcomments_view/allideas_topic_view?b_start:int=250&-C=	2009-04-30
Numeric web search	http://www.thenationaldialogue.org/ideas/numeric-web-search	wolfgang	None	0	0	http://www.thenationaldialogue.org/ideas/mostcomments_view/allideas_topic_view?b_start:int=250&-C=	2009-04-30
Meta Data Management Vendors	http://www.thenationaldialogue.org/ideas/meta-data-management-vendors	ericts	None	1	4	http://www.thenationaldialogue.org/ideas/mostcomments_view/allideas_topic_view?b_start:int=255&-C=	2009-04-30
E-Verify	http://www.thenationaldialogue.org/ideas/e-verify	KLIMAX	None	3	2	http://www.thenationaldialogue.org/ideas/mostcomments_view/allideas_topic_view?b_start:int=255&-C=	2009-04-30
Agency tracking  of ARRA &amp; TARP Funds	http://www.thenationaldialogue.org/ideas/agency-tracking-of-arra-tarp-funds	jrgray	None	0	0	http://www.thenationaldialogue.org/ideas/mostcomments_view/allideas_topic_view?b_start:int=255&-C=	2009-04-30
Reporting Waste &amp; Inefficiency should be Easy and Safe	http://www.thenationaldialogue.org/ideas/reporting-waste-inefficiency-should-be-easy-and-safe	stephenbuckley	None	4	2	http://www.thenationaldialogue.org/ideas/mostcomments_view/allideas_topic_view?b_start:int=255&-C=	2009-04-30
education	http://www.thenationaldialogue.org/ideas/education	glouis1	None	0	0	http://www.thenationaldialogue.org/ideas/mostcomments_view/allideas_topic_view?b_start:int=255&-C=	2009-04-30
Mortgage Fraud and Abuse can be stopped	http://www.thenationaldialogue.org/ideas/mortgage-fraud-and-abuse-can-be-stopped	shawncarlson	None	3	3	http://www.thenationaldialogue.org/ideas/mostcomments_view/allideas_topic_view?b_start:int=260&-C=	2009-04-30
Creating an ARRA Portfolio of Investments	http://www.thenationaldialogue.org/ideas/creating-an-arra-portfolio-of-investments	tkoakesva	None	0	0	http://www.thenationaldialogue.org/ideas/mostcomments_view/allideas_topic_view?b_start:int=260&-C=	2009-04-30
Citizens Recovery Portal	http://www.thenationaldialogue.org/ideas/citizens-recovery-portal	rdiamond369	None	0	0	http://www.thenationaldialogue.org/ideas/mostcomments_view/allideas_topic_view?b_start:int=260&-C=	2009-04-30
Recovery.gov - Data Confusion or Data in Context?	http://www.thenationaldialogue.org/ideas/recovery-gov-data-confusion-or-data-in-context	skosaraju	None	4	17	http://www.thenationaldialogue.org/ideas/mostcomments_view/allideas_topic_view?b_start:int=260&-C=	2009-04-30
Folksonomy based navigation	http://www.thenationaldialogue.org/ideas/folksonomy-based-navigation	kfischer	None	0	0	http://www.thenationaldialogue.org/ideas/mostcomments_view/allideas_topic_view?b_start:int=260&-C=	2009-04-30
